Time,X,Y,Z,Temp
Connect Success. Format: Time(ms),X(g),Y(g),Z(g),Temp(C)
1054430,0.00981,0.94644,-0.32326,31.30
1054431,0.00957,0.94627,-0.32216,31.30
1054433,0.01135,0.94513,-0.32131,31.30
1054434,0.01209,0.94467,-0.32208,31.30
1054435,0.01229,0.94392,-0.32100,31.30
1054436,0.01215,0.94327,-0.32166,31.30
1054437,0.01126,0.94343,-0.32102,31.30
1054438,0.01226,0.94314,-0.32075,30.97
1054440,0.01056,0.94174,-0.32157,30.97
1054441,0.01000,0.94311,-0.32125,30.97
1054442,0.01015,0.94336,-0.32356,30.97
1054443,0.00998,0.94294,-0.32182,30.97
1054444,0.01010,0.94330,-0.32295,30.97
1054445,0.01100,0.94221,-0.32187,30.97
1054447,0.01046,0.94247,-0.32182,31.19
1054448,0.01019,0.94108,-0.32187,31.19
1054449,0.01036,0.94180,-0.32285,31.19
1054450,0.01053,0.94071,-0.32186,31.19
1054451,0.00999,0.94167,-0.32187,31.19
1054453,0.01062,0.94082,-0.32198,31.19
1054454,0.01156,0.94115,-0.32226,31.19
1054455,0.01232,0.94208,-0.32237,31.30
1054456,0.01062,0.94329,-0.32063,31.30
1054457,0.01142,0.94372,-0.32177,31.30
1054459,0.01084,0.94347,-0.32182,31.30
1054460,0.01110,0.94465,-0.32232,31.30
1054461,0.01047,0.94610,-0.32301,31.30
1054462,0.01066,0.94532,-0.32213,31.19
1054463,0.00998,0.94536,-0.32324,31.19
1054465,0.01002,0.94516,-0.32274,31.19
1054466,0.01108,0.94532,-0.32336,31.19
1054467,0.00956,0.94435,-0.32308,31.19
1054468,0.01085,0.94392,-0.32206,31.19
1054469,0.01044,0.94395,-0.32264,31.19
1054470,0.00954,0.94386,-0.32336,31.19
1054472,0.01069,0.94376,-0.32331,31.19
1054473,0.00849,0.94279,-0.32279,31.19
1054476,0.01172,0.94407,-0.32199,31.19
1054477,0.01254,0.94240,-0.32088,31.19
1054479,0.01150,0.94387,-0.32176,31.19
1054480,0.01264,0.94289,-0.32212,31.19
1054482,0.00963,0.94430,-0.32152,31.19
1054483,0.01030,0.94547,-0.31986,31.19
1054484,0.01147,0.94468,-0.32346,31.19
1054485,0.01252,0.94473,-0.32343,31.19
1054486,0.01146,0.94697,-0.32138,31.19
1054487,0.01320,0.94541,-0.32124,31.19
1054489,0.01338,0.94449,-0.32375,31.19
1054490,0.01068,0.94484,-0.32280,31.19
1054491,0.01064,0.94581,-0.32285,31.19
1054492,0.01152,0.94599,-0.32345,31.19
1054493,0.01045,0.94549,-0.32288,31.19
1054495,0.01046,0.94488,-0.32347,31.19
1054496,0.01078,0.94605,-0.32384,31.19
1054497,0.01058,0.94609,-0.32269,31.19
1054498,0.00817,0.94668,-0.32251,31.19
1054499,0.01207,0.94594,-0.32207,31.19
1054500,0.01135,0.94606,-0.32217,31.19
1054502,0.01038,0.94532,-0.32176,31.19
1054503,0.01238,0.94379,-0.32218,31.19
1054504,0.01203,0.94325,-0.32195,31.19
1054505,0.01204,0.94269,-0.32208,31.19
1054506,0.01162,0.94268,-0.32312,31.19
1054507,0.01032,0.94195,-0.32216,31.19
1054509,0.00978,0.94238,-0.32149,31.19
1054510,0.00989,0.94174,-0.32192,31.19
1054511,0.00940,0.94179,-0.32132,31.19
1054512,0.00882,0.94214,-0.32213,31.19
1054513,0.01048,0.94200,-0.32288,31.19
1054515,0.01001,0.94181,-0.32331,31.19
1054516,0.00987,0.94205,-0.32282,31.19
1054517,0.01032,0.94116,-0.32121,31.19
1054518,0.01005,0.94233,-0.32187,31.19
1054521,0.01091,0.94310,-0.32167,31.19
1054523,0.01199,0.94179,-0.32104,31.19
1054531,0.00784,0.94202,-0.32170,31.19
1054533,0.00921,0.94283,-0.32140,31.19
1054534,0.00887,0.94417,-0.32000,31.19
1054535,0.00968,0.94440,-0.32134,31.30
1054536,0.01143,0.94483,-0.32133,31.30
1054537,0.01133,0.94499,-0.32323,31.30
1054538,0.01189,0.94535,-0.32312,31.30
1054540,0.01201,0.94646,-0.32221,31.30
1054541,0.01298,0.94553,-0.32356,31.30
1054542,0.01276,0.94720,-0.32191,31.30
1054543,0.01247,0.94597,-0.32159,31.19
1054544,0.01210,0.94474,-0.32258,31.19
1054545,0.01069,0.94552,-0.32351,31.19
1054547,0.00925,0.94484,-0.32410,31.19
1054548,0.00944,0.94430,-0.32300,31.19
1054549,0.00960,0.94405,-0.32249,31.19
1054550,0.00872,0.94563,-0.32282,31.19
1054551,0.00881,0.94563,-0.32161,31.52
1054553,0.00918,0.94511,-0.32303,31.52
1054554,0.00964,0.94423,-0.32320,31.52
1054555,0.00977,0.94498,-0.32370,31.52
1054557,0.01028,0.94444,-0.32241,31.52
1054558,0.01030,0.94374,-0.32221,31.52
1054559,0.01124,0.94380,-0.32140,31.19
1054560,0.01106,0.94396,-0.32165,31.19
1054561,0.01206,0.94439,-0.32067,31.19
1054563,0.01197,0.94490,-0.32144,31.19
1054564,0.01218,0.94417,-0.32143,31.19
1054565,0.01310,0.94372,-0.32240,31.19
1054569,0.01029,0.94383,-0.32228,31.30
1054571,0.01014,0.94360,-0.32345,31.30
1054572,0.00921,0.94485,-0.32254,31.30
1054574,0.01015,0.94533,-0.32300,31.30
1054575,0.01031,0.94454,-0.32152,31.30
1054576,0.01033,0.94480,-0.32227,31.30
1054577,0.01018,0.94512,-0.32314,31.30
1054579,0.01175,0.94511,-0.32423,31.30
1054580,0.01220,0.94395,-0.32322,31.30
1054581,0.01143,0.94457,-0.32337,31.30
1054582,0.01055,0.94533,-0.32290,31.30
1054583,0.01075,0.94404,-0.32298,31.19
1054584,0.01123,0.94411,-0.32232,31.19
1054586,0.01117,0.94412,-0.32247,31.19
1054587,0.01053,0.94360,-0.32186,31.19
1054588,0.00926,0.94380,-0.32239,31.19
1054589,0.00906,0.94546,-0.32152,31.19
1054590,0.00948,0.94372,-0.32336,31.19
1054592,0.01030,0.94463,-0.32255,31.19
1054593,0.00940,0.94370,-0.32238,31.19
1054594,0.00951,0.94424,-0.32297,31.19
1054595,0.00979,0.94454,-0.32260,31.19
1054596,0.01079,0.94348,-0.32241,31.19
1054597,0.01138,0.94307,-0.32151,31.19
1054599,0.01006,0.94128,-0.32221,31.19
1054600,0.01036,0.94199,-0.32115,31.19
1054601,0.01003,0.94139,-0.32166,31.19
1054602,0.01025,0.94117,-0.32270,31.19
1054603,0.01129,0.94260,-0.32269,31.19
1054604,0.01008,0.94257,-0.32469,31.19
1054606,0.00980,0.94355,-0.32432,31.19
1054607,0.00965,0.94421,-0.32388,31.19
1054608,0.01084,0.94355,-0.32183,31.19
1054609,0.00964,0.94401,-0.31985,31.19
1054610,0.00939,0.94364,-0.32041,31.19
1054612,0.01061,0.94593,-0.32265,31.19
1054615,0.01118,0.94619,-0.32555,31.19
1054616,0.01072,0.94623,-0.32405,31.19
1054618,0.01112,0.94463,-0.32239,31.19
1054622,0.01317,0.94264,-0.32239,31.19
1054623,0.01327,0.94148,-0.32275,31.08
1054624,0.01203,0.94215,-0.32068,31.08
1054626,0.01112,0.94139,-0.32142,31.08
1054627,0.01179,0.94022,-0.32198,31.08
1054629,0.00697,0.94176,-0.32135,31.08
1054630,0.00870,0.94362,-0.32091,31.08
1054631,0.01094,0.94016,-0.32332,31.19
1054632,0.00948,0.94252,-0.32267,31.19
1054634,0.00941,0.94190,-0.32196,31.19
1054635,0.01027,0.94177,-0.32173,31.19
1054636,0.00753,0.94296,-0.32191,31.19
1054637,0.01154,0.94122,-0.32330,31.19
1054638,0.00748,0.94039,-0.32095,31.19
1054640,0.00882,0.94409,-0.31914,31.19
1054641,0.01188,0.93942,-0.32330,31.19
1054642,0.01213,0.94336,-0.31802,31.19
1054643,0.01489,0.93919,-0.32149,31.19
1054644,0.01054,0.94266,-0.32015,31.19
1054646,0.01408,0.94244,-0.32123,31.19
1054647,0.00975,0.94382,-0.32022,31.30
1054648,0.01155,0.94644,-0.32120,31.30
1054649,0.01604,0.94326,-0.32464,31.30
1054650,0.00861,0.94554,-0.32135,31.30
1054651,0.00774,0.94580,-0.32308,31.30
1054653,0.01179,0.94368,-0.32511,31.30
1054654,0.00632,0.94763,-0.32247,31.30
1054655,0.00878,0.94616,-0.32416,31.19
1054656,0.01166,0.94431,-0.32583,31.19
1054658,0.00779,0.94591,-0.32277,31.19
1054659,0.00900,0.94539,-0.32296,31.19
1054660,0.01006,0.94400,-0.32409,31.19
1054661,0.00950,0.94607,-0.32077,31.19
1054663,0.00909,0.94330,-0.32148,31.19
1054664,0.01094,0.94268,-0.32070,31.30
1054665,0.01237,0.94385,-0.32087,31.30
1054668,0.01198,0.94265,-0.32180,31.30
1054669,0.01081,0.94306,-0.32290,31.30
1054671,0.00989,0.94477,-0.32389,31.30
1054672,0.00894,0.94543,-0.32425,31.30
1054673,0.00818,0.94542,-0.32297,31.30
1054675,0.00898,0.94538,-0.32195,31.30
1054676,0.00916,0.94432,-0.32343,31.30
1054677,0.00913,0.94378,-0.32260,31.30
1054679,0.00979,0.94250,-0.32336,31.19
1054683,0.01009,0.94139,-0.32139,31.19
1054684,0.01159,0.94346,-0.32089,31.19
1054685,0.01106,0.94246,-0.32044,31.19
1054687,0.01154,0.94263,-0.32223,31.19
1054688,0.01197,0.94377,-0.32105,31.19
1054689,0.01042,0.94417,-0.32125,31.19
1054690,0.01083,0.94488,-0.32232,31.19
1054691,0.01103,0.94498,-0.32281,31.19
1054692,0.01018,0.94557,-0.32251,31.19
1054694,0.00915,0.94557,-0.32290,31.19
1054695,0.00938,0.94511,-0.32279,31.19
1054696,0.01049,0.94448,-0.32151,31.19
1054697,0.00978,0.94371,-0.32166,31.19
1054699,0.00972,0.94304,-0.32172,31.19
1054700,0.01038,0.94266,-0.32235,31.19
1054701,0.01075,0.94326,-0.32106,31.19
1054702,0.01146,0.94261,-0.32329,31.19
1054703,0.01043,0.94268,-0.32377,31.19
1054704,0.01031,0.94224,-0.32217,31.19
1054706,0.00946,0.94249,-0.32188,31.19
1054707,0.01024,0.94373,-0.32179,31.19
1054708,0.00977,0.94446,-0.32257,31.19
1054709,0.01126,0.94548,-0.32075,31.19
1054710,0.01092,0.94545,-0.32366,31.19
1054712,0.01037,0.94441,-0.32412,31.19
1054713,0.01003,0.94452,-0.32275,31.19
1054714,0.00975,0.94396,-0.32295,31.19
1054715,0.00990,0.94355,-0.32205,31.19
1054716,0.01005,0.94413,-0.32270,31.19
1054717,0.01020,0.94352,-0.32101,31.19
1054719,0.01025,0.94396,-0.32226,31.19
1054720,0.00990,0.94343,-0.32384,31.30
1054721,0.00892,0.94277,-0.32238,31.30
1054722,0.00961,0.94250,-0.32175,31.30
1054723,0.00974,0.94151,-0.32160,31.30
1054724,0.01014,0.94229,-0.32109,31.30
1054727,0.01143,0.94188,-0.32236,31.19
1054729,0.01127,0.94205,-0.32216,31.19
1054730,0.01173,0.94308,-0.32168,31.19
1054731,0.01082,0.94325,-0.32134,31.19
1054732,0.00993,0.94287,-0.32067,31.19
1054733,0.01042,0.94317,-0.32139,31.19
1054735,0.00971,0.94300,-0.32212,31.19
1054737,0.01043,0.94388,-0.32315,31.19
1054738,0.01047,0.94528,-0.32348,31.19
1054740,0.01179,0.94497,-0.32233,31.19
1054741,0.01240,0.94563,-0.32339,31.19
1054742,0.01141,0.94561,-0.32209,31.19
1054744,0.00907,0.94626,-0.32304,31.19
1054745,0.00869,0.94834,-0.32263,31.19
1054746,0.01392,0.94465,-0.32528,31.19
1054747,0.01010,0.94685,-0.32448,31.19
1054748,0.01082,0.94590,-0.32299,31.19
1054749,0.00929,0.94704,-0.32137,31.19
1054751,0.00849,0.94615,-0.32221,31.19
1054753,0.00994,0.94609,-0.32233,31.30
1054754,0.01033,0.94565,-0.32263,31.30
1054755,0.01078,0.94595,-0.32437,31.30
1054756,0.00997,0.94583,-0.32236,31.30
1054758,0.01117,0.94518,-0.32314,31.30
1054759,0.01056,0.94496,-0.32474,31.19
1054760,0.00940,0.94571,-0.32384,31.19
1054761,0.01043,0.94483,-0.32312,31.19
1054763,0.00982,0.94567,-0.32404,31.19
1054764,0.01001,0.94532,-0.32374,31.19
1054765,0.01072,0.94486,-0.32408,31.19
1054766,0.00986,0.94484,-0.32363,31.19
1054767,0.01051,0.94415,-0.32370,31.19
1054768,0.00959,0.94479,-0.32392,31.19
1054770,0.01019,0.94279,-0.32314,31.19
1054771,0.00917,0.94211,-0.32267,31.19
1054772,0.00878,0.94195,-0.32100,31.19
1054773,0.00913,0.94075,-0.32099,31.19
1054776,0.01184,0.94163,-0.32035,31.30
1054785,0.01200,0.94526,-0.32261,31.19
1054786,0.01122,0.94616,-0.32361,31.19
1054787,0.01096,0.94646,-0.32315,31.19
1054788,0.01055,0.94686,-0.32366,31.19
1054789,0.01060,0.94648,-0.32309,31.19
1054790,0.00983,0.94567,-0.32412,31.19
1054792,0.01027,0.94619,-0.32373,31.19
1054793,0.00933,0.94651,-0.32368,31.19
1054794,0.00957,0.94610,-0.32253,31.19
1054795,0.01058,0.94548,-0.32193,31.19
1054796,0.01181,0.94518,-0.32166,31.19
1054797,0.01221,0.94452,-0.32178,31.19
1054799,0.01190,0.94359,-0.32183,31.19
1054800,0.01157,0.94411,-0.32281,31.19
1054801,0.01200,0.94399,-0.32080,31.19
1054802,0.01129,0.94245,-0.32221,31.19
1054803,0.01097,0.94348,-0.32174,31.19
1054805,0.01036,0.94283,-0.32364,31.19
1054806,0.00958,0.94403,-0.32357,31.19
1054807,0.00936,0.94288,-0.32466,31.19
1054808,0.00913,0.94150,-0.32351,31.19
1054809,0.00823,0.94042,-0.32329,31.19
1054810,0.00825,0.94017,-0.32179,31.19
1054812,0.00851,0.93974,-0.32089,31.19
1054813,0.00822,0.93898,-0.32163,31.19
1054814,0.00948,0.93875,-0.32212,31.19
1054815,0.00955,0.93865,-0.32191,31.19
1054816,0.00989,0.93864,-0.32234,31.19
1054817,0.01092,0.94044,-0.32149,31.19
1054819,0.01096,0.94238,-0.32224,31.19
1054820,0.01023,0.94465,-0.32255,31.19
1054821,0.00949,0.94560,-0.32444,31.19
1054822,0.00967,0.94771,-0.32196,31.19
1054824,0.01131,0.94817,-0.32074,31.19
1054825,0.01210,0.94665,-0.31948,31.19
1054827,0.01301,0.94521,-0.31909,31.19
1054831,0.01246,0.93872,-0.32102,31.19
1054832,0.01054,0.93823,-0.31995,31.30
1054833,0.00893,0.93779,-0.31973,31.30
1054835,0.00672,0.93951,-0.32060,31.30
1054836,0.00726,0.94089,-0.32131,31.30
1054837,0.00864,0.94258,-0.32178,31.30
1054838,0.00977,0.94529,-0.32063,31.30
1054840,0.01138,0.94721,-0.32169,31.08
1054841,0.01446,0.94874,-0.32246,31.08
1054842,0.01353,0.95063,-0.32498,31.08
1054843,0.01469,0.94996,-0.32363,31.08
1054844,0.01302,0.94766,-0.32311,31.08
1054846,0.01211,0.94683,-0.32215,31.08
1054847,0.01202,0.94474,-0.32064,31.08
1054848,0.00845,0.94490,-0.31975,31.30
1054849,0.01221,0.94338,-0.32027,31.30
1054851,0.01057,0.94320,-0.32194,31.30
1054852,0.01068,0.94603,-0.32176,31.30
1054853,0.01094,0.94313,-0.32258,31.30
1054854,0.00917,0.94408,-0.32220,31.30
1054855,0.01240,0.94400,-0.32288,31.08
1054856,0.00978,0.94415,-0.32260,31.08
1054858,0.01099,0.94422,-0.32005,31.08
1054859,0.01044,0.94246,-0.32262,31.08
1054861,0.01063,0.94323,-0.32278,31.08
1054862,0.01191,0.94144,-0.32242,31.08
1054863,0.01133,0.94237,-0.32048,31.08
1054864,0.01158,0.94049,-0.32106,31.19
1054865,0.01275,0.94254,-0.32196,31.19
1054867,0.01204,0.94307,-0.32148,31.19
1054868,0.01017,0.94570,-0.32441,31.19
1054869,0.01236,0.94535,-0.32507,31.19
1054870,0.00980,0.94648,-0.32572,31.19
1054871,0.00787,0.94709,-0.32433,31.30
1054872,0.00858,0.94703,-0.32437,31.30
1054874,0.00679,0.94644,-0.32173,31.30
1054876,0.01006,0.94385,-0.32361,31.30
1054879,0.01104,0.94419,-0.32262,31.30
1054985,0.01119,0.94695,-0.32323,31.30
1054986,0.01081,0.94519,-0.32063,31.30
1054987,0.01086,0.94642,-0.32163,31.30
1054988,0.00938,0.94621,-0.32430,31.30
1054990,0.01229,0.94690,-0.32346,31.30
1054991,0.01083,0.94563,-0.32480,31.30
1054992,0.01099,0.94509,-0.32387,31.19
1054993,0.01032,0.94218,-0.32494,31.19
1054994,0.00829,0.94311,-0.32216,31.19
1054996,0.00824,0.94146,-0.32093,31.19
1054997,0.01225,0.94301,-0.32159,31.19
1054998,0.01095,0.94297,-0.32349,31.19
1055000,0.01162,0.94376,-0.32430,31.08
1055001,0.01126,0.94358,-0.32542,31.08
1055002,0.01092,0.94446,-0.32513,31.08
1055003,0.00847,0.94298,-0.32547,31.08
1055004,0.00737,0.94283,-0.32272,31.08
1055005,0.00914,0.94264,-0.32247,31.08
1055007,0.00838,0.94297,-0.32119,31.08
1055008,0.01117,0.94310,-0.32359,31.19
1055009,0.01085,0.94263,-0.32501,31.19
1055010,0.01042,0.94389,-0.32417,31.19
1055011,0.00964,0.94345,-0.32488,31.19
1055012,0.00844,0.94355,-0.32294,31.19
1055014,0.00888,0.94333,-0.32219,31.19
1055015,0.00868,0.94284,-0.32131,31.19
1055016,0.00897,0.94218,-0.32031,31.19
1055017,0.00927,0.94230,-0.32086,31.19
1055018,0.01149,0.94143,-0.32163,31.19
1055020,0.01117,0.94293,-0.32216,31.19
1055021,0.01269,0.94349,-0.32241,31.19
1055022,0.01365,0.94294,-0.32202,31.19
1055023,0.01264,0.94313,-0.32254,31.19
1055024,0.01088,0.94330,-0.32211,31.19
1055025,0.00966,0.94323,-0.32099,31.19
1055027,0.00843,0.94304,-0.32290,31.19
1055030,0.01068,0.94398,-0.32113,31.19
1055047,0.01020,0.94573,-0.32336,31.19
1055049,0.00955,0.94491,-0.32319,31.19
1055050,0.00961,0.94448,-0.32094,31.19
1055051,0.00970,0.94327,-0.32063,31.19
1055052,0.01096,0.94219,-0.32124,31.19
1055053,0.01176,0.94263,-0.32186,31.19
1055055,0.01110,0.94259,-0.32316,31.19
1055056,0.00998,0.94111,-0.32249,31.19
1055057,0.01064,0.94127,-0.32253,31.19
1055058,0.00944,0.94125,-0.32283,31.19
1055060,0.00943,0.94123,-0.32197,31.19
1055061,0.00908,0.94142,-0.32118,31.19
1055063,0.01024,0.94243,-0.32107,31.19
1055064,0.01035,0.94391,-0.32195,31.19
1055065,0.00993,0.94359,-0.32335,31.19
1055067,0.00909,0.94408,-0.32422,31.19
1055068,0.00901,0.94459,-0.32340,31.19
1055069,0.01034,0.94543,-0.32322,31.19
1055070,0.01035,0.94486,-0.32273,31.19
1055072,0.01071,0.94529,-0.32249,31.30
1055073,0.01066,0.94488,-0.32315,31.30
1055074,0.00934,0.94508,-0.32225,31.30
1055075,0.01090,0.94416,-0.32202,31.30
1055076,0.00938,0.94352,-0.32073,31.30
1055078,0.01024,0.94332,-0.32156,31.30
1055079,0.01087,0.94233,-0.32109,31.30
1055080,0.01108,0.94229,-0.32180,31.30
1055081,0.01196,0.94267,-0.32063,31.30
1055082,0.01215,0.94363,-0.32331,31.30
1055083,0.01326,0.94398,-0.32317,31.30
1055085,0.01131,0.94490,-0.32441,31.30
1055086,0.00831,0.94528,-0.32241,31.30
1055087,0.00840,0.94547,-0.32243,31.30
1055088,0.01001,0.94588,-0.32182,31.30
1055089,0.00869,0.94621,-0.32193,31.30
1055091,0.01129,0.94651,-0.32186,31.30
1055094,0.01546,0.94816,-0.32304,31.30
1055126,0.00619,0.94070,-0.32144,31.41
1055127,0.00753,0.94275,-0.32149,31.41
1055128,0.01064,0.94175,-0.32000,31.30
1055129,0.01047,0.94235,-0.31918,31.30
1055131,0.01326,0.94299,-0.32166,31.30
1055132,0.01407,0.94350,-0.32118,31.30
1055133,0.01567,0.94326,-0.32220,31.30
1055134,0.01520,0.94320,-0.32323,31.30
1055136,0.01225,0.94383,-0.32140,31.30
1055137,0.01039,0.94409,-0.32140,31.19
1055138,0.00944,0.94345,-0.32171,31.19
1055139,0.00823,0.94302,-0.32136,31.19
1055140,0.00824,0.94260,-0.32113,31.19
1055142,0.00792,0.94201,-0.32204,31.19
1055143,0.00853,0.94277,-0.32321,31.19
1055145,0.01255,0.94348,-0.32389,31.19
1055147,0.01113,0.94089,-0.32323,31.19
1055148,0.01124,0.94146,-0.32212,31.19
1055149,0.01142,0.94044,-0.32095,31.19
1055150,0.01062,0.94046,-0.32096,31.19
1055152,0.01074,0.94143,-0.32057,31.19
1055153,0.01012,0.94334,-0.32192,31.08
1055155,0.01223,0.94518,-0.32365,31.08
1055156,0.01241,0.94459,-0.32517,31.08
1055157,0.00926,0.94772,-0.32382,31.08
1055158,0.01042,0.94669,-0.32484,31.08
1055159,0.00941,0.94639,-0.32498,31.08
1055161,0.01149,0.94328,-0.32351,31.19
1055162,0.00716,0.94459,-0.32087,31.19
1055163,0.00560,0.94261,-0.32166,31.19
1055164,0.00946,0.94392,-0.32114,31.19
1055165,0.01269,0.94318,-0.32297,31.19
1055167,0.01179,0.94538,-0.32305,31.19
1055168,0.01257,0.94369,-0.32391,31.30
1055170,0.01180,0.94587,-0.32289,31.30
1055171,0.01378,0.94627,-0.32432,31.30
1055174,0.01132,0.94702,-0.32525,31.30
1055180,0.00683,0.93807,-0.32176,31.19
1055181,0.00592,0.94300,-0.32007,31.19
1055182,0.00894,0.94536,-0.32185,31.19
1055183,0.00700,0.94673,-0.32684,31.19
1055184,0.00358,0.94827,-0.32567,31.19
1055185,0.00548,0.94848,-0.32639,31.19
1055187,0.00933,0.94952,-0.31996,31.19
1055188,0.01164,0.94929,-0.31400,31.19
1055189,0.01594,0.94944,-0.31326,31.19
1055190,0.02153,0.94632,-0.31363,31.19
1055191,0.02253,0.94481,-0.31951,31.19
1055193,0.02226,0.94429,-0.32218,31.30
1055194,0.02105,0.94236,-0.32551,31.30
1055195,0.01404,0.94230,-0.32481,31.30
1055196,0.00911,0.94286,-0.32374,31.30
1055197,0.00398,0.94405,-0.32154,31.30
1055198,0.00143,0.94328,-0.32149,31.30
1055200,0.00135,0.94536,-0.32093,31.30
1055201,0.00409,0.94669,-0.32298,31.08
1055202,0.00829,0.95055,-0.32441,31.08
1055203,0.01231,0.95155,-0.32684,31.08
1055204,0.01617,0.95402,-0.32655,31.08
1055205,0.01737,0.95211,-0.32574,31.08
1055207,0.01336,0.94807,-0.32571,31.08
1055208,0.01323,0.94525,-0.32340,31.08
1055209,0.01166,0.94115,-0.32016,31.08
1055210,0.01060,0.93841,-0.31688,31.08
1055211,0.01120,0.93750,-0.31486,31.08
1055213,0.01261,0.93736,-0.31633,31.08
1055214,0.01339,0.93925,-0.31819,31.08
1055215,0.01383,0.94128,-0.31931,31.08
1055216,0.01323,0.94353,-0.32418,31.19
1055217,0.01248,0.94514,-0.32351,31.19
1055218,0.01080,0.94647,-0.32407,31.19
1055220,0.00786,0.94654,-0.32364,31.19
1055221,0.00777,0.94634,-0.32366,31.19
1055223,0.00609,0.94463,-0.32660,31.19
1055225,0.00915,0.94296,-0.32581,31.30
1055226,0.01019,0.94453,-0.32520,31.30
1055227,0.01228,0.94433,-0.32609,31.30
1055228,0.01265,0.94326,-0.32497,31.30
1055229,0.01188,0.94287,-0.32576,31.30
1055231,0.01096,0.94223,-0.32544,31.30
1055232,0.01003,0.94102,-0.32536,31.30
1055233,0.00775,0.94179,-0.32386,31.19
1055234,0.00595,0.94298,-0.32435,31.19
1055235,0.00568,0.94300,-0.32216,31.19
1055236,0.00599,0.94372,-0.32145,31.19
1055238,0.00693,0.94447,-0.32138,31.19
1055239,0.00815,0.94366,-0.32143,31.19
1055240,0.01099,0.94246,-0.32140,31.52
1055241,0.01171,0.94338,-0.32239,31.52
1055242,0.01345,0.94283,-0.32159,31.52
1055244,0.01363,0.94190,-0.32010,31.52
1055245,0.01178,0.93939,-0.32129,31.52
1055246,0.01011,0.93807,-0.32007,31.52
1055247,0.00837,0.93630,-0.31956,31.52
1055249,0.00763,0.93683,-0.31843,30.97
1055250,0.00881,0.93633,-0.31969,30.97
1055252,0.00944,0.93827,-0.31966,30.97
1055253,0.01171,0.94022,-0.32018,30.97
1055254,0.01149,0.94175,-0.32179,30.97
1055255,0.01156,0.94410,-0.32205,30.97
1055256,0.01266,0.94509,-0.32173,31.19
1055258,0.01131,0.94654,-0.31922,31.19
1055259,0.01317,0.94801,-0.31941,31.19
1055260,0.01409,0.94799,-0.31823,31.19
1055261,0.01549,0.94875,-0.31764,31.19
1055262,0.01610,0.94915,-0.31836,31.19
1055264,0.01665,0.94911,-0.31897,31.19
1055265,0.01636,0.94903,-0.32137,31.19
1055266,0.01636,0.94971,-0.32119,31.19
1055267,0.01478,0.94953,-0.32250,31.19
1055271,0.00833,0.94709,-0.32191,31.19
1055300,0.01033,0.94234,-0.32390,31.30
1055301,0.01007,0.94269,-0.32329,31.30
1055302,0.01097,0.94353,-0.32281,31.30
1055303,0.01276,0.94378,-0.32243,31.30
1055305,0.01136,0.94352,-0.32132,31.19
1055306,0.01212,0.94389,-0.32108,31.19
1055307,0.01140,0.94411,-0.32028,31.19
1055308,0.01080,0.94479,-0.31976,31.19
1055309,0.01122,0.94371,-0.32164,31.19
1055311,0.01119,0.94523,-0.32192,31.19
1055312,0.01083,0.94476,-0.32110,31.19
1055313,0.01064,0.94621,-0.32209,31.19
1055314,0.01207,0.94713,-0.32220,31.19
1055315,0.01145,0.94599,-0.32330,31.19
1055317,0.01110,0.94638,-0.32114,31.19
1055318,0.01151,0.94640,-0.32202,31.19
1055319,0.01208,0.94503,-0.32189,31.19
1055320,0.01227,0.94611,-0.32103,31.19
1055321,0.01229,0.94544,-0.32199,31.19
1055323,0.01257,0.94520,-0.32226,31.19
1055324,0.01172,0.94645,-0.32288,31.19
1055325,0.01189,0.94599,-0.32239,31.19
1055326,0.01140,0.94674,-0.32172,31.19
1055327,0.01143,0.94636,-0.32179,31.19
1055328,0.01162,0.94518,-0.32212,31.30
1055330,0.01094,0.94649,-0.32218,31.30
1055331,0.01205,0.94561,-0.32306,31.30
1055332,0.01038,0.94397,-0.32216,31.30
1055333,0.01016,0.94487,-0.32235,31.30
1055334,0.01152,0.94346,-0.32421,31.30
1055336,0.01139,0.94398,-0.32261,31.30
1055337,0.00983,0.94368,-0.32201,31.30
1055338,0.01104,0.94321,-0.32216,31.30
1055339,0.01014,0.94383,-0.32079,31.30
1055340,0.00991,0.94438,-0.32198,31.30
1055342,0.01097,0.94566,-0.32124,31.30
1055345,0.01204,0.94678,-0.32407,31.19
1055386,0.00773,0.93240,-0.31608,31.30
1055387,0.00858,0.93283,-0.31774,31.30
1055388,0.01062,0.93577,-0.32042,31.30
1055390,0.01073,0.94094,-0.32546,31.30
1055391,0.01040,0.94583,-0.32737,31.30
1055392,0.00844,0.94808,-0.32918,31.30
1055393,0.00590,0.95063,-0.32789,31.30
1055394,0.00721,0.95054,-0.32614,31.30
1055395,0.00724,0.94967,-0.32302,31.30
1055397,0.00972,0.94841,-0.32032,31.30
1055398,0.01206,0.94794,-0.31950,31.30
1055399,0.01610,0.94523,-0.31894,31.30
1055401,0.01740,0.94258,-0.32331,31.19
1055402,0.01543,0.94086,-0.32315,31.19
1055403,0.01279,0.94087,-0.32184,31.19
1055405,0.01190,0.94028,-0.32025,31.19
1055406,0.00778,0.93995,-0.31853,31.19
1055407,0.00653,0.93857,-0.31840,31.19
1055408,0.00760,0.93840,-0.31872,31.19
1055409,0.00607,0.94044,-0.32000,31.19
1055410,0.00886,0.94340,-0.32157,31.19
1055412,0.01087,0.94434,-0.32523,31.19
1055413,0.00955,0.94773,-0.32533,31.19
1055414,0.01056,0.94825,-0.32625,31.19
1055415,0.00849,0.94815,-0.32407,31.19
1055416,0.00895,0.94735,-0.32326,31.19
1055417,0.00901,0.94637,-0.32121,31.19
1055419,0.01023,0.94695,-0.31856,31.19
1055420,0.01334,0.94572,-0.32105,31.19
1055421,0.01392,0.94614,-0.32030,31.19
1055422,0.01602,0.94745,-0.32019,31.19
1055423,0.01665,0.94637,-0.32324,31.19
1055425,0.01455,0.94888,-0.32388,31.19
1055426,0.01273,0.94797,-0.32262,31.19
1055427,0.01232,0.94685,-0.32369,31.19
1055428,0.00892,0.94768,-0.32267,31.19
1055431,0.00679,0.94522,-0.32343,31.19
1055432,0.00620,0.94531,-0.32295,31.19
1055434,0.00669,0.94348,-0.32326,31.52
1055435,0.00807,0.94359,-0.32408,31.52
1055437,0.01163,0.93862,-0.32143,31.52
1055438,0.01131,0.93593,-0.31947,31.52
1055440,0.01333,0.93545,-0.31831,31.52
1055441,0.01370,0.93400,-0.32112,31.19
1055442,0.01299,0.93570,-0.32010,31.19
1055443,0.01129,0.93687,-0.32157,31.19
1055444,0.01124,0.93932,-0.32198,31.19
1055446,0.00905,0.94411,-0.32324,31.19
1055447,0.00938,0.94777,-0.32277,31.19
1055448,0.01073,0.95071,-0.32213,31.19
1055449,0.01036,0.95183,-0.32179,31.19
1055450,0.01154,0.95194,-0.32348,31.19
1055452,0.01301,0.95259,-0.32484,31.19
1055453,0.01200,0.95234,-0.32563,31.19
1055454,0.01198,0.95006,-0.32522,31.19
1055455,0.01136,0.94732,-0.32382,31.19
1055456,0.01043,0.94538,-0.32045,31.19
1055458,0.00960,0.94236,-0.31973,31.19
1055459,0.00911,0.93987,-0.31845,31.19
1055460,0.01064,0.93847,-0.32032,31.19
1055461,0.01129,0.93809,-0.31927,31.19
1055462,0.01193,0.94020,-0.32353,31.19
1055464,0.01261,0.94074,-0.32179,31.19
1055465,0.01243,0.94281,-0.32285,31.19
1055466,0.01205,0.94337,-0.32283,31.19
1055467,0.01135,0.94406,-0.32210,31.19
1055469,0.01045,0.94514,-0.32141,31.19
1055470,0.01023,0.94486,-0.32205,31.19
1055471,0.01076,0.94505,-0.32188,31.19
1055472,0.01174,0.94521,-0.32143,31.19
1055474,0.01200,0.94378,-0.32179,31.19
1055475,0.01137,0.94408,-0.32119,31.19
1055477,0.01208,0.94276,-0.32175,31.19
1055480,0.01128,0.94263,-0.32158,31.19
1055489,0.00992,0.94393,-0.32284,31.30
1055491,0.01010,0.94351,-0.32193,31.30
1055492,0.01099,0.94359,-0.32251,31.30
1055493,0.01103,0.94396,-0.32235,31.30
1055494,0.01038,0.94257,-0.32140,31.30
1055496,0.01013,0.94216,-0.32201,31.30
1055497,0.01062,0.94234,-0.32248,31.19
1055498,0.01012,0.94333,-0.32297,31.19
1055499,0.00976,0.94415,-0.32347,31.19
1055501,0.01040,0.94548,-0.32400,31.19
1055502,0.00929,0.94524,-0.32375,31.19
1055503,0.00937,0.94554,-0.32329,31.19
1055504,0.01035,0.94560,-0.32226,31.19
1055506,0.01099,0.94565,-0.32161,31.30
1055507,0.01241,0.94544,-0.32297,31.30
1055508,0.01131,0.94424,-0.32186,31.30
1055509,0.01276,0.94456,-0.32284,31.30
1055510,0.01260,0.94370,-0.32301,31.30
1055512,0.00994,0.94413,-0.32276,31.30
1055513,0.00961,0.94231,-0.32227,31.19
1055514,0.00975,0.94201,-0.32190,31.19
1055515,0.00986,0.94127,-0.32177,31.19
1055516,0.00990,0.94157,-0.32009,31.19
1055517,0.00875,0.94088,-0.32059,31.19
1055519,0.01054,0.94183,-0.32123,31.19
1055520,0.01140,0.94339,-0.32085,31.19
1055521,0.01161,0.94394,-0.32278,31.19
1055522,0.01264,0.94368,-0.32265,31.19
1055523,0.01130,0.94415,-0.32292,31.19
1055524,0.01092,0.94430,-0.32130,31.19
1055526,0.01056,0.94418,-0.32012,31.19
1055527,0.01067,0.94465,-0.32021,31.19
1055528,0.01080,0.94545,-0.32098,31.19
1055529,0.01318,0.94708,-0.32136,31.30
1055530,0.01255,0.94786,-0.32187,31.30
1055532,0.01287,0.94885,-0.32307,31.30
1055534,0.01250,0.94911,-0.32308,31.30
1055537,0.01124,0.94809,-0.32195,31.30
1055538,0.01168,0.94798,-0.32188,31.30
1055542,0.01044,0.94564,-0.32430,31.30
1055543,0.01007,0.94502,-0.32323,31.30
1055545,0.00921,0.94467,-0.32308,31.30
1055546,0.00939,0.94441,-0.32294,31.19
1055547,0.01117,0.94483,-0.32293,31.19
1055548,0.01028,0.94323,-0.32279,31.19
1055549,0.00927,0.94283,-0.32271,31.19
1055550,0.01040,0.94262,-0.32225,31.19
1055552,0.00982,0.94195,-0.32192,31.19
1055553,0.01065,0.94126,-0.32098,31.19
1055554,0.01148,0.94000,-0.32107,31.19
1055555,0.01059,0.94176,-0.32226,31.19
1055556,0.01069,0.94062,-0.32200,31.19
1055557,0.01159,0.94173,-0.32373,31.19
1055559,0.00959,0.94225,-0.32268,31.19
1055560,0.00823,0.94181,-0.32207,31.19
1055561,0.00950,0.94281,-0.32048,31.30
1055562,0.01041,0.94191,-0.32165,31.30
1055563,0.01084,0.94264,-0.32055,31.30
1055565,0.01032,0.94339,-0.32203,31.30
1055566,0.01000,0.94277,-0.32207,31.30
1055567,0.01148,0.94200,-0.32136,31.30
1055568,0.01115,0.94161,-0.32184,31.30
1055569,0.01041,0.94243,-0.32062,31.19
1055570,0.01269,0.94109,-0.32056,31.19
1055572,0.00890,0.94051,-0.32102,31.19
1055573,0.01340,0.94134,-0.32102,31.19
1055574,0.01022,0.94105,-0.32164,31.19
1055575,0.00981,0.94197,-0.32051,31.19
1055576,0.01441,0.94287,-0.32085,31.19
1055578,0.01072,0.94241,-0.31909,31.30
1055579,0.01358,0.94235,-0.31935,31.30
1055580,0.01519,0.94245,-0.32171,31.30
1055581,0.00738,0.94361,-0.32153,31.30
1055582,0.01512,0.94605,-0.32114,31.30
1055584,0.01114,0.93979,-0.32425,31.30
1055586,0.01952,0.94263,-0.32253,31.19
1055588,0.01440,0.93976,-0.32709,31.19
1055590,0.01564,0.94136,-0.32439,31.19
1055591,0.01075,0.94688,-0.32179,31.19
1055592,0.01564,0.94125,-0.32756,31.19
1055594,0.00540,0.94738,-0.32044,31.19
1055595,0.01026,0.94486,-0.32205,31.19
1055596,0.00431,0.94385,-0.32395,31.19
1055597,0.00734,0.94971,-0.31818,31.19
1055598,0.01279,0.93749,-0.32924,31.19
1055600,0.01065,0.94340,-0.32365,31.19
1055601,0.00453,0.94161,-0.32741,31.19
1055602,0.00924,0.94323,-0.32390,30.97
1055603,0.00004,0.93949,-0.32372,30.97
1055604,0.01161,0.94259,-0.31914,30.97
1055606,0.02093,0.94046,-0.32049,30.97
1055607,0.00644,0.94329,-0.31449,30.97
1055608,0.00248,0.94480,-0.31593,30.97
1055609,0.00741,0.94355,-0.32072,31.19
1055610,0.01838,0.94429,-0.31798,31.19
1055612,0.01925,0.94308,-0.31828,31.19
1055613,0.01087,0.94305,-0.31801,31.19
1055614,0.01160,0.94823,-0.31635,31.19
1055615,0.01030,0.94639,-0.31963,31.19
1055616,0.01746,0.94782,-0.32113,31.19
1055618,0.01206,0.95359,-0.31998,31.08
1055619,0.02039,0.95097,-0.32436,31.08
1055620,0.00592,0.95000,-0.33129,31.08
1055621,0.01365,0.95101,-0.33135,31.08
1055622,0.00739,0.95164,-0.32846,31.08
1055624,0.00326,0.94929,-0.32970,31.08
1055625,0.00814,0.94875,-0.32262,31.08
1055626,-0.00334,0.94563,-0.32111,31.19
1055627,0.01080,0.94332,-0.32296,31.19
1055628,0.01475,0.93631,-0.32452,31.19
1055629,0.00399,0.93983,-0.32070,31.19
1055631,0.00581,0.94036,-0.32293,31.19
1055634,0.01634,0.94173,-0.32186,31.30
1055667,0.00522,0.94326,-0.32376,31.19
1055668,0.00688,0.94174,-0.32361,31.19
1055669,0.00893,0.94076,-0.32235,31.19
1055670,0.00779,0.94055,-0.32039,31.19
1055672,0.01006,0.94036,-0.31953,31.19
1055673,0.01246,0.94072,-0.32116,31.19
1055674,0.01265,0.94093,-0.31866,31.19
1055675,0.01315,0.94172,-0.32058,31.19
1055676,0.01419,0.94191,-0.32138,31.19
1055678,0.01287,0.94428,-0.32055,31.19
1055679,0.01366,0.94502,-0.32079,31.19
1055680,0.01141,0.94516,-0.32133,31.19
1055681,0.01079,0.94612,-0.32131,31.19
1055682,0.00954,0.94525,-0.32211,31.19
1055684,0.00940,0.94497,-0.32197,31.19
1055685,0.01023,0.94465,-0.32058,31.19
1055686,0.00955,0.94560,-0.32124,31.19
1055687,0.00873,0.94634,-0.32212,31.19
1055688,0.01137,0.94485,-0.32467,31.19
1055689,0.01055,0.94478,-0.32255,31.19
1055691,0.01033,0.94495,-0.32152,31.19
1055692,0.01203,0.94489,-0.32204,31.19
1055693,0.01194,0.94444,-0.32037,31.19
1055694,0.01230,0.94487,-0.32093,31.19
1055695,0.01387,0.94568,-0.32097,31.19
1055696,0.01279,0.94686,-0.32101,31.19
1055698,0.01335,0.94614,-0.32265,31.19
1055699,0.01308,0.94712,-0.32304,31.19
1055700,0.01152,0.94701,-0.32272,31.19
1055701,0.01180,0.94774,-0.32370,31.19
1055702,0.01122,0.94633,-0.32178,31.19
1055704,0.00938,0.94624,-0.32260,31.19
1055705,0.01116,0.94528,-0.32265,31.19
1055706,0.00841,0.94388,-0.32256,31.30
1055707,0.00979,0.94519,-0.32192,31.30
1055708,0.01018,0.94416,-0.32367,31.30
1055711,0.01108,0.94337,-0.32487,31.30
1055712,0.01225,0.94258,-0.32449,31.30
1055714,0.01149,0.94236,-0.32381,31.41
1055715,0.00974,0.94311,-0.32239,31.41
1055716,0.01108,0.94268,-0.32237,31.41
1055718,0.01217,0.94219,-0.32232,31.41
1055721,0.00890,0.94153,-0.32334,31.19
1055723,0.01043,0.94184,-0.32278,31.19
1055724,0.00895,0.94068,-0.32258,31.19
1055725,0.00985,0.94304,-0.32102,31.19
1055726,0.00883,0.94277,-0.32245,31.19
1055727,0.01113,0.94297,-0.32264,31.19
1055728,0.00979,0.94319,-0.32274,31.19
1055730,0.00989,0.94335,-0.32274,31.19
1055731,0.01181,0.94385,-0.32173,31.19
1055732,0.01039,0.94371,-0.32139,31.19
1055733,0.01205,0.94397,-0.32235,31.19
1055734,0.01120,0.94442,-0.32177,31.19
1055735,0.01152,0.94350,-0.32227,31.19
1055737,0.01193,0.94206,-0.32187,31.19
1055738,0.01111,0.94427,-0.31977,31.08
1055739,0.01280,0.94323,-0.32115,31.08
1055740,0.01112,0.94221,-0.32198,31.08
1055741,0.00965,0.94318,-0.32065,31.08
1055743,0.01145,0.94194,-0.32466,31.08
1055744,0.01028,0.94397,-0.32138,31.08
1055745,0.01117,0.94305,-0.32168,31.08
1055746,0.01053,0.94497,-0.32242,31.19
1055747,0.01182,0.94506,-0.32156,31.19
1055748,0.01271,0.94495,-0.32305,31.19
1055750,0.01181,0.94504,-0.32087,31.19
1055751,0.01206,0.94437,-0.32255,31.19
1055752,0.01134,0.94465,-0.32203,31.19
1055753,0.01205,0.94475,-0.32217,31.19
1055754,0.01146,0.94530,-0.32064,31.41
1055755,0.01254,0.94483,-0.32113,31.41
1055757,0.01151,0.94561,-0.32074,31.41
1055758,0.01164,0.94550,-0.32306,31.41
1055759,0.01187,0.94419,-0.32304,31.41
1055761,0.01124,0.94543,-0.32377,31.41
1055762,0.01028,0.94599,-0.32228,31.30
1055763,0.00903,0.94532,-0.32294,31.30
1055766,0.00837,0.94472,-0.32430,31.30
1055767,0.01036,0.94368,-0.32400,31.30
1055768,0.00974,0.94355,-0.32287,31.30
1055770,0.01141,0.94420,-0.32166,31.19
1055771,0.01101,0.94201,-0.32279,31.19
1055772,0.00941,0.94307,-0.32258,31.19
1055773,0.01114,0.94190,-0.32327,31.19
1055775,0.01024,0.94153,-0.32168,31.19
1055776,0.00977,0.94007,-0.32236,31.19
1055778,0.01070,0.94112,-0.32172,31.30
1055780,0.01127,0.94134,-0.32247,31.30
1055782,0.01147,0.94253,-0.32212,31.30
1055783,0.01153,0.94192,-0.32355,31.30
1055784,0.01304,0.94280,-0.32373,31.30
1055785,0.01011,0.94213,-0.32255,31.30
1055786,0.01034,0.94323,-0.32088,31.30
1055788,0.00993,0.94163,-0.32169,31.30
1055789,0.00831,0.94400,-0.32081,31.30
1055790,0.01096,0.94363,-0.32204,31.30
1055791,0.01120,0.94486,-0.32167,31.30
1055792,0.01143,0.94392,-0.32153,31.30
1055794,0.01323,0.94392,-0.32172,31.19
1055795,0.01216,0.94515,-0.32312,31.19
1055796,0.01143,0.94562,-0.32319,31.19
1055797,0.01180,0.94465,-0.32425,31.19
1055798,0.01038,0.94532,-0.32101,31.19
1055800,0.00943,0.94503,-0.32230,31.19
1055801,0.01087,0.94470,-0.32062,31.19
1055802,0.01108,0.94399,-0.32116,31.19
1055803,0.01213,0.94523,-0.32055,31.19
1055804,0.01135,0.94326,-0.32241,31.19
1055806,0.01227,0.94359,-0.32202,31.19
1055807,0.01300,0.94328,-0.32337,31.19
1055808,0.01099,0.94462,-0.32301,31.19
1055809,0.01010,0.94460,-0.32081,31.19
1055810,0.01016,0.94435,-0.32232,31.19
1055812,0.00794,0.94392,-0.32019,31.19
1055815,0.00976,0.94502,-0.32102,31.19
1057196,0.01118,0.94436,-0.32289,31.30
1057197,0.01251,0.94442,-0.32325,31.19
1057198,0.01131,0.94449,-0.32150,31.19
1057200,0.01275,0.94431,-0.32266,31.19
1057201,0.01172,0.94365,-0.32216,31.19
1057202,0.01172,0.94376,-0.32219,31.19
1057203,0.01082,0.94349,-0.32286,31.19
1057204,0.01113,0.94340,-0.32219,31.19
1057205,0.01074,0.94378,-0.32287,31.30
1057207,0.01081,0.94402,-0.32304,31.30
1057208,0.01090,0.94433,-0.32104,31.30
1057209,0.01072,0.94402,-0.32247,31.30
1057210,0.01002,0.94372,-0.32231,31.30
1057211,0.01148,0.94496,-0.32217,31.30
1057213,0.01108,0.94409,-0.32242,31.30
1057215,0.01166,0.94442,-0.32252,31.30
1057216,0.01070,0.94412,-0.32176,31.30
1057218,0.01068,0.94400,-0.32135,31.30
1057219,0.01050,0.94350,-0.32214,31.30
1057220,0.01138,0.94346,-0.32201,31.30
1057221,0.01138,0.94340,-0.32281,31.08
1057223,0.01118,0.94357,-0.32216,31.08
1057224,0.01145,0.94376,-0.32253,31.08
1057225,0.01034,0.94365,-0.32244,31.08
1057226,0.01062,0.94369,-0.32218,31.08
1057227,0.01068,0.94328,-0.32164,31.08
1057228,0.01085,0.94283,-0.32215,31.08
1057230,0.01056,0.94348,-0.32223,31.19
1057231,0.01094,0.94348,-0.32162,31.19
1057232,0.01156,0.94335,-0.32160,31.19
1057233,0.01119,0.94326,-0.32271,31.19
1057234,0.01095,0.94360,-0.32112,31.19
1057236,0.01085,0.94298,-0.32210,31.19
1057237,0.01126,0.94369,-0.32159,31.19
1057238,0.01107,0.94350,-0.32238,31.08
1057239,0.01115,0.94368,-0.32182,31.08
1057242,0.01078,0.94379,-0.32249,31.08
1057243,0.01162,0.94461,-0.32288,31.08
1057245,0.01177,0.94441,-0.32284,31.08
1057246,0.01150,0.94414,-0.32282,31.08
1057247,0.01207,0.94451,-0.32215,31.08
1057248,0.01098,0.94414,-0.32164,31.08
1057250,0.01137,0.94443,-0.32135,31.08
1057251,0.01057,0.94495,-0.32234,31.08
1057252,0.01146,0.94325,-0.32269,31.08
1057253,0.01102,0.94396,-0.32307,31.08
1057254,0.01043,0.94535,-0.32290,31.08
1057255,0.01145,0.94466,-0.32296,31.08
1057257,0.01064,0.94472,-0.32272,31.08
1057258,0.01026,0.94434,-0.32280,31.08
1057259,0.01042,0.94431,-0.32294,31.08
1057260,0.01050,0.94460,-0.32170,31.08
1057261,0.01069,0.94352,-0.32193,31.19
1057263,0.01082,0.94344,-0.32290,31.19
1057264,0.01134,0.94392,-0.32203,31.19
1057266,0.01055,0.94422,-0.32262,31.19
1057267,0.01053,0.94375,-0.32280,31.19
1057268,0.01088,0.94501,-0.32240,31.19
1057269,0.01037,0.94423,-0.32220,31.19
1057271,0.01042,0.94497,-0.32274,31.19
1057272,0.01072,0.94419,-0.32202,31.19
1057273,0.01065,0.94497,-0.32142,31.19
1057274,0.01074,0.94459,-0.32108,31.19
1057275,0.01111,0.94387,-0.32198,31.19
1057277,0.01103,0.94329,-0.32187,31.19
1057278,0.01107,0.94324,-0.32261,31.30
1057279,0.01092,0.94340,-0.32370,31.30
1057280,0.01115,0.94322,-0.32300,31.30
1057282,0.01117,0.94255,-0.32229,31.30
1057283,0.01073,0.94369,-0.32199,31.30
1057284,0.01108,0.94341,-0.32284,31.30
1057285,0.01037,0.94353,-0.32179,31.19
1057286,0.01183,0.94315,-0.32209,31.19
1057289,0.01061,0.94444,-0.32198,31.19
1057329,0.01053,0.94304,-0.32094,31.19
1057331,0.01169,0.94249,-0.32024,31.19
1057332,0.01098,0.94312,-0.32189,31.19
1057333,0.01175,0.94304,-0.32223,31.19
1057334,0.01137,0.94385,-0.32237,31.19
1057338,0.01078,0.94336,-0.32202,31.19
1057339,0.01184,0.94365,-0.32128,31.19
1057340,0.01117,0.94389,-0.32206,31.19
1057341,0.01166,0.94322,-0.32186,31.30
1057343,0.01117,0.94429,-0.32221,31.30
1057344,0.01064,0.94511,-0.32198,31.30
1057345,0.01046,0.94432,-0.32210,31.30
1057346,0.01059,0.94447,-0.32216,31.30
1057347,0.01104,0.94387,-0.32195,31.30
1057349,0.00991,0.94438,-0.32293,31.30
1057350,0.01150,0.94464,-0.32059,31.19
1057351,0.01184,0.94397,-0.32142,31.19
1057352,0.01108,0.94370,-0.32291,31.19
1057353,0.01078,0.94376,-0.32259,31.19
1057355,0.01095,0.94384,-0.32279,31.19
1057356,0.01123,0.94434,-0.32179,31.19
1057357,0.00941,0.94431,-0.32266,31.19
1057358,0.00960,0.94378,-0.32232,31.30
1057359,0.00976,0.94474,-0.32114,31.30
1057361,0.01099,0.94377,-0.32220,31.30
1057362,0.01096,0.94374,-0.32160,31.30
1057363,0.01190,0.94415,-0.32159,31.30
1057364,0.01141,0.94406,-0.32079,31.30
1057365,0.01182,0.94293,-0.32230,31.19
1057366,0.01058,0.94233,-0.32325,31.19
1057368,0.01105,0.94293,-0.32281,31.19
1057369,0.01088,0.94211,-0.32159,31.19
1057370,0.01071,0.94178,-0.32174,31.19
1057371,0.01083,0.94309,-0.32184,31.19
1057372,0.01083,0.94296,-0.32097,31.19
1057374,0.01126,0.94373,-0.32189,31.08
1057376,0.01081,0.94395,-0.32366,31.08
1057488,0.01073,0.94426,-0.32284,31.19
1057489,0.01010,0.94407,-0.32224,31.19
1057490,0.00955,0.94351,-0.32163,31.19
1057492,0.01145,0.94351,-0.32111,31.19
1057493,0.01106,0.94400,-0.32147,31.19
1057494,0.01110,0.94378,-0.32072,31.19
1057495,0.01110,0.94357,-0.32255,31.19
1057497,0.01156,0.94341,-0.32113,31.19
1057498,0.01148,0.94279,-0.32288,31.19
1057499,0.01051,0.94252,-0.32256,31.19
1057500,0.01106,0.94220,-0.32239,31.19
1057501,0.00909,0.94311,-0.32180,31.19
1057504,0.01070,0.94319,-0.32094,31.19
1057505,0.01039,0.94208,-0.32123,31.19
1057506,0.01124,0.94268,-0.32102,31.19
1057507,0.01097,0.94358,-0.32097,31.19
1057508,0.01100,0.94291,-0.32153,31.19
1057510,0.01048,0.94249,-0.32187,31.08
1057511,0.01140,0.94400,-0.32196,31.08
1057512,0.01014,0.94342,-0.32168,31.08
1057513,0.01053,0.94497,-0.32161,31.08
1057514,0.01096,0.94424,-0.32191,31.08
1057515,0.01096,0.94408,-0.32160,31.08
1057517,0.01104,0.94467,-0.32107,31.08
1057518,0.01122,0.94358,-0.32300,31.19
1057519,0.01113,0.94404,-0.32157,31.19
1057520,0.01109,0.94506,-0.32235,31.19
1057521,0.01107,0.94403,-0.32168,31.19
1057523,0.01016,0.94439,-0.32302,31.19
1057524,0.01072,0.94409,-0.32334,31.19
1057525,0.01100,0.94525,-0.32234,31.19
1057526,0.00975,0.94406,-0.32214,31.30
1057528,0.01060,0.94465,-0.32251,31.30
1057529,0.01044,0.94413,-0.32319,31.30
1057530,0.01101,0.94437,-0.32127,31.30
1057531,0.01101,0.94412,-0.32209,31.30
1057534,0.01101,0.94468,-0.32301,31.19
1057535,0.01081,0.94444,-0.32335,31.19
1057536,0.01117,0.94375,-0.32217,31.19
1057538,0.01161,0.94414,-0.32222,31.19
1057539,0.01031,0.94382,-0.32135,31.19
1057541,0.01066,0.94366,-0.32250,31.19
1057542,0.01073,0.94423,-0.32352,31.19
1057543,0.01097,0.94478,-0.32366,31.19
1057544,0.01097,0.94502,-0.32345,31.19
1057545,0.00980,0.94481,-0.32237,31.19
1057547,0.01010,0.94452,-0.32227,31.19
1057552,0.01204,0.94381,-0.32214,31.08
1057554,0.01051,0.94304,-0.32221,31.08
1057555,0.01115,0.94298,-0.32393,31.08
1057557,0.01083,0.94448,-0.32221,31.08
1057558,0.01105,0.94301,-0.32161,31.19
1057559,0.01048,0.94327,-0.32138,31.19
1057560,0.01144,0.94369,-0.32200,31.19
1057561,0.01014,0.94506,-0.32205,31.19
1057563,0.01104,0.94457,-0.32220,31.19
1057564,0.01078,0.94448,-0.32316,31.19
1057565,0.01093,0.94467,-0.32303,31.19
1057566,0.00976,0.94435,-0.32366,31.30
1057568,0.01037,0.94430,-0.32240,31.30
1057569,0.01029,0.94525,-0.32267,31.30
1057570,0.01027,0.94410,-0.32205,31.30
1057571,0.01090,0.94426,-0.32256,31.30
1057572,0.01099,0.94354,-0.32258,31.30
1057573,0.01165,0.94373,-0.32171,31.30
1057575,0.01198,0.94396,-0.32296,31.30
1057576,0.01132,0.94352,-0.32303,31.30
1057577,0.01078,0.94398,-0.32331,31.30
1057578,0.01076,0.94354,-0.32281,31.30
1057580,0.01115,0.94440,-0.32154,31.30
1057581,0.01041,0.94394,-0.32244,31.30
1057582,0.01050,0.94355,-0.32260,31.19
1057583,0.01083,0.94363,-0.32244,31.19
1057586,0.01009,0.94353,-0.32160,31.19
1057611,0.01146,0.94491,-0.32276,31.19
1057613,0.01114,0.94507,-0.32235,31.19
1057614,0.01152,0.94411,-0.32208,31.19
1057615,0.01111,0.94305,-0.32203,31.19
1057616,0.00986,0.94341,-0.32279,31.19
1057617,0.01140,0.94383,-0.32165,31.19
1057619,0.01121,0.94378,-0.32335,31.19
1057620,0.01081,0.94399,-0.32273,31.19
1057621,0.01050,0.94391,-0.32304,31.19
1057622,0.01102,0.94459,-0.32292,31.19
1057623,0.00959,0.94431,-0.32289,31.19
1057625,0.00958,0.94430,-0.32272,31.19
1057626,0.01112,0.94523,-0.32234,31.19
1057627,0.01144,0.94397,-0.32161,31.19
1057628,0.01142,0.94359,-0.32241,31.19
1057630,0.01129,0.94409,-0.32194,31.19
1057631,0.01193,0.94355,-0.32268,31.30
1057632,0.01238,0.94405,-0.32221,31.30
1057633,0.01143,0.94392,-0.32352,31.30
1057634,0.01115,0.94434,-0.32245,31.30
1057636,0.01214,0.94308,-0.32241,31.30
1057637,0.01078,0.94336,-0.32100,31.30
1057638,0.01039,0.94371,-0.32183,31.19
1057639,0.01099,0.94346,-0.32219,31.19
1057641,0.01134,0.94392,-0.32275,31.19
1057642,0.01161,0.94328,-0.32161,31.19
1057643,0.01112,0.94406,-0.32220,31.19
1057644,0.01138,0.94433,-0.32177,31.19
1057645,0.01144,0.94437,-0.32261,31.19
1057646,0.01026,0.94388,-0.32249,31.19
1057648,0.01071,0.94361,-0.32086,31.19
1057649,0.01044,0.94409,-0.32193,31.19
1057650,0.01074,0.94297,-0.32180,31.19
1057651,0.01046,0.94410,-0.32123,31.19
1057652,0.01036,0.94462,-0.32251,31.19
1057654,0.01057,0.94495,-0.32187,31.19
1057656,0.01080,0.94586,-0.32198,31.19
1057740,0.01099,0.94378,-0.32299,31.19
1057741,0.01104,0.94369,-0.32322,31.19
1057742,0.01138,0.94385,-0.32274,31.19
1057743,0.01034,0.94461,-0.32174,31.19
1057744,0.01073,0.94428,-0.32267,31.19
1057746,0.01045,0.94430,-0.32266,31.19
1057747,0.01102,0.94476,-0.32238,31.19
1057748,0.01133,0.94420,-0.32107,31.19
1057749,0.01129,0.94391,-0.32115,31.19
1057751,0.01159,0.94482,-0.32331,31.30
1057752,0.01158,0.94404,-0.32355,31.30
1057753,0.01152,0.94374,-0.32283,31.30
1057754,0.01113,0.94376,-0.32365,31.30
1057755,0.01128,0.94405,-0.32244,31.30
1057756,0.01093,0.94398,-0.32292,31.30
1057758,0.01084,0.94375,-0.32220,31.30
1057759,0.01150,0.94314,-0.32072,31.30
1057760,0.01228,0.94332,-0.32264,31.30
1057761,0.01188,0.94376,-0.32187,31.30
1057762,0.01176,0.94433,-0.32186,31.30
1057764,0.01110,0.94388,-0.32356,31.30
1057765,0.01178,0.94415,-0.32294,31.30
1057766,0.01061,0.94498,-0.32278,31.19
1057767,0.01096,0.94403,-0.32187,31.19
1057769,0.01083,0.94408,-0.32194,31.19
1057770,0.01117,0.94407,-0.32126,31.19
1057771,0.01135,0.94337,-0.32212,31.19
1057772,0.01155,0.94398,-0.32226,31.19
1057773,0.01103,0.94417,-0.32248,31.19
1057774,0.01168,0.94319,-0.32219,31.19
1057776,0.01069,0.94451,-0.32187,31.19
1057777,0.01079,0.94308,-0.32297,31.19
1057778,0.01189,0.94395,-0.32292,31.19
1057779,0.01024,0.94406,-0.32100,31.19
1057780,0.01023,0.94348,-0.32172,31.19
1057781,0.01140,0.94270,-0.32234,31.19
1057784,0.01105,0.94228,-0.32182,31.19
1057786,0.01022,0.94230,-0.32108,31.19
1057787,0.01016,0.94377,-0.32300,31.19
1057788,0.01089,0.94304,-0.32186,31.19
1057789,0.01020,0.94354,-0.32141,31.19
1057791,0.01047,0.94400,-0.32256,31.19
1057792,0.01092,0.94361,-0.32164,31.19
1057793,0.01085,0.94425,-0.32189,31.19
1057794,0.01122,0.94391,-0.32168,31.19
1057795,0.01128,0.94378,-0.32244,31.19
1057796,0.01211,0.94408,-0.32233,31.19
1057798,0.01120,0.94400,-0.32226,31.19
1057802,0.01041,0.94457,-0.32104,31.19
1057803,0.01154,0.94440,-0.32118,31.19
1057805,0.01163,0.94479,-0.32170,31.19
1057806,0.01184,0.94478,-0.32216,31.19
1057807,0.01081,0.94393,-0.32163,31.19
1057808,0.01189,0.94441,-0.32264,31.19
1057810,0.01020,0.94382,-0.32224,31.19
1057811,0.01046,0.94440,-0.32191,31.19
1057812,0.01111,0.94351,-0.32235,31.19
1057813,0.01059,0.94351,-0.32228,31.19
1057814,0.01124,0.94397,-0.32246,31.08
1057816,0.01164,0.94294,-0.32324,31.08
1057817,0.01089,0.94357,-0.32272,31.08
1057818,0.01072,0.94290,-0.32200,31.08
1057819,0.01113,0.94376,-0.32218,31.08
1057821,0.01076,0.94349,-0.32221,31.08
1057822,0.01064,0.94324,-0.32106,31.08
1057823,0.01136,0.94373,-0.32194,31.30
1057824,0.01081,0.94419,-0.32089,31.30
1057825,0.01136,0.94324,-0.32195,31.30
1057826,0.01046,0.94329,-0.32258,31.30
1057829,0.01119,0.94414,-0.32332,31.30
1057831,0.01023,0.94535,-0.32320,31.41
1057832,0.01126,0.94543,-0.32274,31.41
1057833,0.01033,0.94560,-0.32175,31.41
1057834,0.01151,0.94553,-0.32198,31.41
1057836,0.01087,0.94547,-0.32175,31.41
1057837,0.01037,0.94441,-0.32256,31.41
1057838,0.01113,0.94389,-0.32211,31.41
1057839,0.01158,0.94379,-0.32299,31.19
1057840,0.01162,0.94446,-0.32228,31.19
1057842,0.01049,0.94350,-0.32306,31.19
1057843,0.01026,0.94344,-0.32381,31.19
1057844,0.01081,0.94410,-0.32187,31.19
1057845,0.01016,0.94385,-0.32122,31.19
1057846,0.01006,0.94370,-0.32204,31.41
1057849,0.01073,0.94291,-0.32253,31.41
1057852,0.01083,0.94242,-0.32157,31.41
1057854,0.01123,0.94275,-0.32158,31.30
1057855,0.01101,0.94355,-0.32234,31.30
1057857,0.01074,0.94313,-0.32200,31.30
1057858,0.01044,0.94286,-0.32177,31.30
1057859,0.01055,0.94346,-0.32251,31.30
1057860,0.01192,0.94423,-0.32244,31.30
1057861,0.01120,0.94467,-0.32189,31.30
1057863,0.01163,0.94511,-0.32280,31.19
1057864,0.01089,0.94433,-0.32437,31.19
1057865,0.01049,0.94428,-0.32267,31.19
1057868,0.01073,0.94431,-0.32249,31.19
1057869,0.01114,0.94423,-0.32208,31.19
1057870,0.01095,0.94372,-0.32224,31.19
1057871,0.01110,0.94392,-0.32181,31.19
1057872,0.01103,0.94417,-0.32216,31.19
1057873,0.01146,0.94439,-0.32325,31.19
1057875,0.01106,0.94390,-0.32220,31.19
1057876,0.01042,0.94423,-0.32247,31.19
1057877,0.01091,0.94509,-0.32204,31.19
1057878,0.01036,0.94412,-0.32190,31.19
1057879,0.00993,0.94424,-0.32269,31.19
1057881,0.01044,0.94405,-0.32193,31.19
1057882,0.01118,0.94481,-0.32214,31.19
1057883,0.01034,0.94472,-0.32260,31.19
1057884,0.01098,0.94465,-0.32293,31.19
1057885,0.01133,0.94433,-0.32336,31.19
1057886,0.01138,0.94430,-0.32334,31.19
1057888,0.01070,0.94474,-0.32301,31.19
1057889,0.01066,0.94351,-0.32259,31.19
1057890,0.01086,0.94373,-0.32175,31.19
1057891,0.01090,0.94418,-0.32130,31.19
1057892,0.01006,0.94325,-0.32081,31.19
1057893,0.01138,0.94374,-0.32272,31.19
1057895,0.01032,0.94351,-0.32271,31.19
1057896,0.01104,0.94407,-0.32249,31.19
1057897,0.01135,0.94392,-0.32362,31.19
1057900,0.01087,0.94423,-0.32150,31.19
1057901,0.01092,0.94417,-0.32182,31.19
1057902,0.01078,0.94409,-0.32183,31.19
1057904,0.01062,0.94358,-0.32104,31.30
1057905,0.01161,0.94332,-0.32139,31.30
1057906,0.01222,0.94352,-0.32325,31.30
1057907,0.01113,0.94302,-0.32245,31.30
1057908,0.01083,0.94373,-0.32334,31.30
1057909,0.01134,0.94365,-0.32239,31.30
1057911,0.01175,0.94405,-0.32171,31.19
1057912,0.00987,0.94414,-0.32263,31.19
1057913,0.01102,0.94485,-0.32324,31.19
1057914,0.01112,0.94432,-0.32246,31.19
1057915,0.01076,0.94408,-0.32303,31.19
1057917,0.01124,0.94492,-0.32392,31.19
1057919,0.01022,0.94502,-0.32326,31.30
1057920,0.01146,0.94519,-0.32263,31.30
1057921,0.01146,0.94602,-0.32235,31.30
1057922,0.01137,0.94391,-0.32271,31.30
1057924,0.01106,0.94465,-0.32300,31.30
1057925,0.01094,0.94329,-0.32290,31.30
1057926,0.01202,0.94375,-0.32101,31.30
1057927,0.01205,0.94296,-0.32260,31.19
1057928,0.01151,0.94242,-0.32184,31.19
1057930,0.01115,0.94188,-0.32333,31.19
1057931,0.01032,0.94264,-0.32262,31.19
1057932,0.01055,0.94235,-0.32361,31.19
1057934,0.01031,0.94251,-0.32356,31.19
1057935,0.01007,0.94309,-0.32242,31.19
1057936,0.01027,0.94361,-0.32177,31.19
1057937,0.01008,0.94367,-0.32171,31.19
1057938,0.01076,0.94405,-0.32208,31.19
1057940,0.01082,0.94320,-0.32386,31.19
1057941,0.01128,0.94287,-0.32116,31.19
1057942,0.01130,0.94388,-0.32278,31.19
1057943,0.01135,0.94447,-0.32141,31.19
1057944,0.01101,0.94265,-0.32129,31.19
1057947,0.01128,0.94222,-0.32214,31.19
1057992,0.01071,0.94339,-0.32190,31.19
1057994,0.01098,0.94284,-0.32306,31.19
1057995,0.01074,0.94327,-0.32242,31.19
1057996,0.01150,0.94344,-0.32381,31.19
1057997,0.01083,0.94403,-0.32320,31.19
1057999,0.01089,0.94412,-0.32246,31.19
1058000,0.01069,0.94339,-0.32132,31.19
1058001,0.01043,0.94376,-0.32164,31.19
1058002,0.01188,0.94422,-0.32203,31.19
1058003,0.01213,0.94411,-0.32258,31.19
1058005,0.01220,0.94470,-0.32235,31.19
1058006,0.01170,0.94505,-0.32360,31.19
1058007,0.01117,0.94614,-0.32358,31.30
1058008,0.01013,0.94566,-0.32345,31.30
1058009,0.01055,0.94671,-0.32244,31.30
1058010,0.01044,0.94531,-0.32260,31.30
1058012,0.01107,0.94518,-0.32268,31.30
1058013,0.01052,0.94486,-0.32246,31.30
1058014,0.01152,0.94400,-0.32260,31.30
1058015,0.01070,0.94413,-0.32358,31.30
1058016,0.01153,0.94450,-0.32259,31.30
1058017,0.01048,0.94465,-0.32346,31.30
1058019,0.01024,0.94444,-0.32317,31.30
1058020,0.01069,0.94369,-0.32280,31.30
1058021,0.00985,0.94313,-0.32360,31.30
1058022,0.01031,0.94356,-0.32255,31.30
1058023,0.01123,0.94477,-0.32141,31.19
1058025,0.01110,0.94426,-0.32140,31.19
1058026,0.01107,0.94436,-0.32251,31.19
1058027,0.01211,0.94440,-0.32337,31.19
1058028,0.01086,0.94371,-0.32245,31.19
1058029,0.01117,0.94355,-0.32181,31.19
1058030,0.01001,0.94277,-0.32313,31.19
1058032,0.01076,0.94336,-0.32176,31.19
1058033,0.01089,0.94374,-0.32210,31.19
1058034,0.01139,0.94301,-0.32204,31.19
1058037,0.01130,0.94315,-0.32158,31.19
1058039,0.01104,0.94387,-0.32251,31.19
1058040,0.01096,0.94385,-0.32150,31.19
1058041,0.01085,0.94400,-0.32304,31.19
1058042,0.01072,0.94471,-0.32301,31.19
1058043,0.01134,0.94395,-0.32301,31.19
1058045,0.01162,0.94431,-0.32228,31.19
1058047,0.01134,0.94298,-0.32182,31.19
1058048,0.01120,0.94336,-0.32173,31.19
1058049,0.01007,0.94345,-0.32328,31.19
1058050,0.01071,0.94361,-0.32173,31.19
1058052,0.01110,0.94391,-0.32334,31.19
1058053,0.01152,0.94426,-0.32279,31.19
1058054,0.01113,0.94513,-0.32263,31.19
1058055,0.01089,0.94321,-0.32109,31.19
1058056,0.01186,0.94404,-0.32245,31.19
1058058,0.01170,0.94371,-0.32122,31.19
1058059,0.01103,0.94378,-0.32252,31.19
1058060,0.01051,0.94391,-0.32155,31.19
1058061,0.01037,0.94368,-0.32267,31.19
1058062,0.01005,0.94401,-0.32280,31.19
1058064,0.01067,0.94387,-0.32205,30.86
1058065,0.01057,0.94389,-0.32195,30.86
1058066,0.01082,0.94383,-0.32266,30.86
1058067,0.01043,0.94389,-0.32093,30.86
1058068,0.01061,0.94330,-0.32180,30.86
1058070,0.01099,0.94437,-0.32167,30.86
1058071,0.01169,0.94408,-0.32117,31.19
1058072,0.01133,0.94439,-0.32240,31.19
1058073,0.01162,0.94360,-0.32366,31.19
1058074,0.01131,0.94311,-0.32207,31.19
1058076,0.01019,0.94476,-0.32154,31.19
1058077,0.01087,0.94271,-0.32139,31.19
1058078,0.01105,0.94331,-0.32183,31.19
1058079,0.01013,0.94360,-0.32228,31.30
1058080,0.01018,0.94398,-0.32168,31.30
1058081,0.01135,0.94361,-0.32190,31.30
1058084,0.01062,0.94409,-0.32335,31.30
1058150,0.01104,0.94466,-0.32304,31.30
1058151,0.01090,0.94442,-0.32123,31.19
1058153,0.01129,0.94400,-0.32287,31.19
1058154,0.00984,0.94453,-0.32133,31.19
1058156,0.01077,0.94304,-0.32205,31.19
1058157,0.01100,0.94323,-0.32203,31.19
1058158,0.01082,0.94314,-0.32128,31.19
1058159,0.01152,0.94343,-0.32264,31.30
1058161,0.01160,0.94377,-0.32276,31.30
1058162,0.01161,0.94356,-0.32200,31.30
1058163,0.01121,0.94341,-0.32158,31.30
1058164,0.01221,0.94311,-0.32180,31.30
1058165,0.01051,0.94346,-0.32155,31.30
1058167,0.01044,0.94244,-0.32190,31.30
1058168,0.01133,0.94361,-0.32166,31.19
1058169,0.01150,0.94343,-0.32146,31.19
1058170,0.01057,0.94306,-0.32251,31.19
1058171,0.01082,0.94382,-0.32151,31.19
1058172,0.01063,0.94304,-0.32239,31.19
1058174,0.01092,0.94373,-0.32326,31.19
1058175,0.01076,0.94344,-0.32249,31.19
1058176,0.01129,0.94358,-0.32234,31.19
1058177,0.01024,0.94333,-0.32264,31.19
1058178,0.01011,0.94323,-0.32323,31.19
1058180,0.01055,0.94311,-0.32233,31.19
1058181,0.01173,0.94262,-0.32160,31.19
1058182,0.01076,0.94287,-0.32327,31.19
1058183,0.01090,0.94393,-0.32270,31.19
1058184,0.01075,0.94446,-0.32358,31.30
1058185,0.01055,0.94429,-0.32208,31.30
1058187,0.01007,0.94472,-0.32228,31.30
1058188,0.01049,0.94511,-0.32324,31.30
1058189,0.01083,0.94409,-0.32202,31.30
1058190,0.01087,0.94455,-0.32185,31.30
1058191,0.01130,0.94427,-0.32163,31.19
1058192,0.01112,0.94449,-0.32106,31.19
1058195,0.01164,0.94537,-0.32257,31.19
1058197,0.00973,0.94454,-0.32202,31.19
1058198,0.01084,0.94430,-0.32217,31.19
1058200,0.01062,0.94446,-0.32093,31.19
1058202,0.01152,0.94490,-0.32170,31.19
1058203,0.01056,0.94375,-0.32207,31.19
1058204,0.01161,0.94342,-0.32221,31.19
1058205,0.01237,0.94560,-0.32300,31.19
1058206,0.01105,0.94439,-0.32340,31.19
1058208,0.01098,0.94444,-0.32196,31.19
1058209,0.01073,0.94381,-0.32208,31.19
1058210,0.01162,0.94447,-0.32183,31.19
1058211,0.01110,0.94446,-0.32141,31.19
1058212,0.01058,0.94438,-0.32171,31.19
1058214,0.01130,0.94372,-0.32182,31.19
1058215,0.01154,0.94316,-0.32355,31.19
1058216,0.01123,0.94369,-0.32243,31.19
1058217,0.01129,0.94398,-0.32180,31.19
1058218,0.01056,0.94396,-0.32274,31.19
1058220,0.01058,0.94462,-0.32207,31.19
1058221,0.01092,0.94442,-0.32265,31.19
1058222,0.01047,0.94343,-0.32227,31.19
1058223,0.01030,0.94310,-0.32113,31.19
1058224,0.01081,0.94332,-0.32183,31.19
1058226,0.00952,0.94336,-0.32194,31.19
1058227,0.01028,0.94267,-0.32218,31.19
1058228,0.01081,0.94398,-0.32217,31.19
1058229,0.01017,0.94364,-0.32293,31.19
1058230,0.01040,0.94391,-0.32254,31.19
1058232,0.01044,0.94433,-0.32407,31.30
1058233,0.01064,0.94373,-0.32196,31.30
1058234,0.01072,0.94479,-0.32362,31.30
1058235,0.01108,0.94452,-0.32219,31.30
1058236,0.01005,0.94488,-0.32246,31.30
1058238,0.01075,0.94465,-0.32259,31.30
1058240,0.01025,0.94427,-0.32283,31.30
1058241,0.01129,0.94511,-0.32219,31.30
1058244,0.01082,0.94374,-0.32138,31.30
1058280,0.01083,0.94373,-0.32260,31.30
1058281,0.01105,0.94207,-0.32255,31.30
1058282,0.01128,0.94295,-0.32167,31.30
1058283,0.01144,0.94294,-0.32315,31.30
1058284,0.01136,0.94291,-0.32386,31.30
1058286,0.01050,0.94325,-0.32237,31.30
1058287,0.01011,0.94275,-0.32159,31.30
1058288,0.01025,0.94428,-0.32244,31.19
1058289,0.01078,0.94397,-0.32281,31.19
1058290,0.01092,0.94367,-0.32193,31.19
1058292,0.00974,0.94297,-0.32154,31.19
1058293,0.01072,0.94223,-0.32215,31.19
1058294,0.01133,0.94358,-0.32277,31.19
1058295,0.01137,0.94377,-0.32106,31.19
1058296,0.01147,0.94361,-0.32249,31.19
1058297,0.01169,0.94294,-0.32061,31.19
1058299,0.01161,0.94318,-0.32061,31.19
1058300,0.01131,0.94302,-0.32138,31.19
1058301,0.01236,0.94369,-0.32109,31.19
1058302,0.01233,0.94395,-0.32185,31.19
1058303,0.01146,0.94400,-0.32202,31.19
1058304,0.01103,0.94387,-0.32332,31.19
1058306,0.01106,0.94579,-0.32207,31.19
1058307,0.01047,0.94543,-0.32303,31.19
1058308,0.01117,0.94586,-0.32280,31.19
1058309,0.01094,0.94632,-0.32444,31.19
1058310,0.01004,0.94637,-0.32271,31.19
1058312,0.01138,0.94549,-0.32257,31.30
1058313,0.01065,0.94447,-0.32172,31.30
1058314,0.01120,0.94530,-0.32327,31.30
1058315,0.01030,0.94466,-0.32346,31.30
1058316,0.01071,0.94456,-0.32224,31.30
1058317,0.01087,0.94431,-0.32379,31.30
1058319,0.00942,0.94451,-0.32232,31.30
1058320,0.00979,0.94327,-0.32250,31.19
1058321,0.01075,0.94479,-0.32104,31.19
1058323,0.01105,0.94486,-0.32355,31.19
1058325,0.01135,0.94458,-0.32336,31.19
1058326,0.01083,0.94516,-0.32328,31.19
1058327,0.01036,0.94427,-0.32414,31.19
1058328,0.01041,0.94351,-0.32287,31.19
1058330,0.01003,0.94321,-0.32200,31.19
1058331,0.01064,0.94299,-0.32285,31.19
1058332,0.00974,0.94237,-0.32210,31.19
1058333,0.01107,0.94340,-0.32110,31.19
1058334,0.01203,0.94317,-0.32235,31.19
1058336,0.01123,0.94350,-0.32294,31.19
1058337,0.01049,0.94373,-0.32308,31.19
1058338,0.01067,0.94316,-0.32287,31.19
1058339,0.01019,0.94274,-0.32288,31.19
1058340,0.01089,0.94350,-0.32197,31.19
1058342,0.01121,0.94321,-0.32148,31.19
1058343,0.01060,0.94350,-0.32174,31.19
1058344,0.01108,0.94330,-0.32119,31.19
1058345,0.01143,0.94269,-0.32057,31.19
1058347,0.01188,0.94217,-0.32234,31.19
1058348,0.01151,0.94227,-0.32172,31.19
1058349,0.01202,0.94233,-0.32215,31.19
1058350,0.01107,0.94314,-0.32143,31.19
1058351,0.01141,0.94377,-0.32151,31.19
1058353,0.01131,0.94439,-0.32250,31.19
1058354,0.01184,0.94521,-0.32230,31.19
1058355,0.01160,0.94537,-0.32196,31.19
1058356,0.01130,0.94429,-0.32275,31.19
1058357,0.01040,0.94489,-0.32286,31.19
1058359,0.01106,0.94534,-0.32339,31.19
1058360,0.01054,0.94605,-0.32220,31.19
1058361,0.01121,0.94579,-0.32258,31.19
1058362,0.01194,0.94416,-0.32274,31.19
1058363,0.01032,0.94491,-0.32202,31.19
1058365,0.01141,0.94437,-0.32248,31.19
1058366,0.01111,0.94403,-0.32095,31.19
1058367,0.01093,0.94391,-0.32205,31.19
1058370,0.01064,0.94359,-0.32150,31.19
1059977,0.01702,0.94320,-0.32118,31.19
1059978,0.01441,0.94039,-0.32362,31.19
1059980,0.01268,0.94104,-0.32407,31.19
1059981,0.00954,0.93936,-0.32186,31.19
1059982,0.00660,0.94050,-0.32245,31.19
1059983,0.00575,0.94207,-0.32138,31.19
1059985,0.00535,0.94611,-0.32321,31.19
1059987,0.01027,0.94683,-0.32481,31.19
1059988,0.01066,0.95011,-0.32463,31.08
1059989,0.01345,0.95072,-0.32561,31.08
1059990,0.01328,0.95071,-0.32675,31.08
1059991,0.01390,0.94825,-0.32397,31.08
1059992,0.01333,0.94397,-0.32338,31.08
1059994,0.00991,0.94046,-0.32135,31.08
1059995,0.00905,0.93832,-0.31977,31.08
1059996,0.00812,0.93570,-0.31803,31.30
1059997,0.00804,0.93533,-0.31712,31.30
1059998,0.00888,0.93494,-0.31841,31.30
1060000,0.00917,0.93781,-0.31995,31.30
1060001,0.01157,0.94051,-0.31896,31.30
1060002,0.01304,0.94229,-0.32054,31.30
1060003,0.01435,0.94492,-0.32090,31.30
1060004,0.01475,0.94641,-0.32114,31.19
1060005,0.01426,0.94766,-0.32108,31.19
1060007,0.01400,0.94672,-0.32362,31.19
1060008,0.01329,0.94696,-0.32290,31.19
1060009,0.01294,0.94722,-0.32409,31.19
1060010,0.01122,0.94700,-0.32357,31.19
1060011,0.01067,0.94645,-0.32304,31.19
1060012,0.01007,0.94739,-0.32371,31.19
1060014,0.01126,0.94699,-0.32487,31.19
1060015,0.01034,0.94621,-0.32367,31.19
1060016,0.01134,0.94683,-0.32462,31.19
1060017,0.01119,0.94699,-0.32514,31.19
1060018,0.01051,0.94669,-0.32400,31.19
1060019,0.01018,0.94735,-0.32397,31.30
1060023,0.00984,0.94316,-0.32095,31.30
1060049,0.01314,0.94206,-0.31914,31.19
1060051,0.01107,0.94193,-0.31996,31.19
1060052,0.01121,0.94409,-0.32254,31.19
1060053,0.01170,0.94615,-0.32182,31.19
1060054,0.01377,0.94554,-0.32369,31.19
1060055,0.01018,0.94595,-0.32348,31.19
1060057,0.00973,0.94545,-0.32290,31.19
1060058,0.01029,0.94433,-0.32299,31.19
1060059,0.00851,0.94510,-0.32120,31.19
1060060,0.00927,0.94221,-0.32104,31.19
1060061,0.01057,0.94290,-0.32087,31.19
1060062,0.00950,0.94295,-0.32133,31.19
1060064,0.01223,0.94420,-0.32150,31.19
1060065,0.01438,0.94212,-0.32197,31.19
1060066,0.01254,0.94405,-0.32073,31.19
1060067,0.01408,0.94508,-0.32042,31.19
1060068,0.01426,0.94597,-0.32154,31.19
1060069,0.01471,0.94689,-0.32140,31.19
1060071,0.01467,0.94747,-0.32323,31.19
1060072,0.01293,0.94942,-0.32222,31.19
1060073,0.01354,0.94936,-0.32232,31.19
1060074,0.01189,0.94954,-0.32612,31.19
1060075,0.01108,0.95017,-0.32588,31.19
1060076,0.00955,0.94921,-0.32712,31.19
1060078,0.00833,0.95119,-0.32448,31.19
1060079,0.00824,0.94939,-0.32483,31.19
1060080,0.00900,0.94711,-0.32522,31.19
1060081,0.00706,0.94892,-0.32295,31.19
1060082,0.00984,0.94722,-0.32292,31.19
1060084,0.01167,0.94492,-0.32252,31.19
1060085,0.01044,0.94598,-0.32284,31.19
1060086,0.01254,0.94518,-0.32428,31.19
1060087,0.01265,0.94419,-0.32497,31.19
1060088,0.01283,0.94470,-0.32333,31.19
1060090,0.01127,0.94182,-0.32369,31.19
1060091,0.00844,0.94369,-0.32300,31.19
1060094,0.00856,0.94029,-0.32117,31.19
1060114,0.01058,0.94381,-0.32026,31.30
1060115,0.01094,0.94311,-0.32130,31.30
1060116,0.00991,0.94497,-0.32054,31.30
1060117,0.01111,0.94307,-0.32180,31.30
1060118,0.01190,0.94423,-0.32061,31.30
1060119,0.01182,0.94310,-0.32200,31.30
1060121,0.01232,0.94473,-0.32088,31.30
1060122,0.01292,0.94426,-0.32083,31.30
1060123,0.01231,0.94461,-0.32117,31.30
1060124,0.01288,0.94543,-0.32050,31.19
1060126,0.01354,0.94540,-0.32157,31.19
1060127,0.01281,0.94486,-0.32218,31.19
1060128,0.01240,0.94541,-0.32280,31.19
1060129,0.01138,0.94688,-0.32301,31.19
1060130,0.00968,0.94623,-0.32303,31.19
1060131,0.01074,0.94619,-0.32207,31.19
1060133,0.00978,0.94607,-0.32354,31.19
1060134,0.00949,0.94637,-0.32419,31.19
1060135,0.01057,0.94540,-0.32275,31.19
1060136,0.01078,0.94346,-0.32289,31.19
1060138,0.00969,0.94362,-0.32221,31.19
1060140,0.01081,0.94368,-0.32337,31.30
1060142,0.01094,0.94376,-0.32338,31.30
1060143,0.01030,0.94364,-0.32296,31.30
1060144,0.01055,0.94353,-0.32247,31.30
1060145,0.01133,0.94430,-0.32330,31.30
1060146,0.01066,0.94423,-0.32086,31.30
1060148,0.01218,0.94231,-0.32348,31.30
1060149,0.00907,0.94332,-0.32527,31.19
1060150,0.00780,0.94599,-0.32439,31.19
1060151,0.01150,0.94440,-0.32652,31.19
1060152,0.00826,0.94286,-0.32513,31.19
1060154,0.00522,0.94362,-0.32639,31.19
1060155,0.00997,0.94219,-0.32575,31.19
1060156,0.00393,0.94131,-0.32434,31.19
1060157,0.00451,0.94202,-0.32153,31.19
1060158,0.00919,0.93862,-0.32536,31.19
1060160,0.00640,0.94076,-0.32243,31.19
1060161,0.00920,0.94047,-0.32362,31.19
1060162,0.00859,0.94075,-0.32251,31.19
1060163,0.01049,0.94120,-0.32303,31.19
1060164,0.01185,0.94054,-0.32335,31.19
1060166,0.00892,0.94330,-0.31966,31.19
1060167,0.00995,0.94386,-0.32010,31.19
1060168,0.01209,0.94291,-0.32198,31.19
1060169,0.01158,0.94486,-0.32161,31.19
1060170,0.01151,0.94448,-0.32115,31.19
1060172,0.01117,0.94540,-0.32108,31.19
1060173,0.01177,0.94422,-0.32217,31.19
1060174,0.01140,0.94498,-0.32197,31.19
1060175,0.01237,0.94595,-0.32118,31.19
1060176,0.01035,0.94552,-0.32186,31.19
1060178,0.01429,0.94558,-0.31995,31.19
1060179,0.01103,0.94306,-0.32210,31.19
1060180,0.01127,0.94727,-0.32230,31.52
1060181,0.01693,0.94597,-0.32473,31.52
1060182,0.01200,0.94667,-0.32546